Aayla Secura;tex.charui_aaylasecura.png
Admiral Ackbar;tex.charui_ackbaradmiral.png
Ahsoka Tano;tex.charui_ahsoka.png
Ahsoka Tano (Fulcrum);tex.charui_ahsokaadult.png
Amilyn Holdo;tex.charui_holdo.png
Asajj Ventress;tex.charui_ventress.png
Aurra Sing;tex.charui_aurrasing.png
B2 Super Battle Droid;tex.charui_b2.png
BB-8;tex.charui_bb8.png
Barriss Offee;tex.charui_barriss_light.png
Bastila Shan;tex.charui_bastilashan.png
Bastila Shan (Fallen);tex.charui_bastilashan_dark.png
Baze Malbus;tex.charui_bazemalbus.png
Biggs Darklighter;tex.charui_rebelpilot_biggs.png
Bistan;tex.charui_bistan.png
Boba Fett;tex.charui_bobafett.png
Bodhi Rook;tex.charui_bodhi.png
Bossk;tex.charui_bossk.png
C-3PO;tex.charui_c3p0.png
Cad Bane;tex.charui_cadbane.png
Canderous Ordo;tex.charui_canderous.png
Captain Han Solo;tex.charui_hoth_han.png
Captain Phasma;tex.charui_phasma.png
Carth Onasi;tex.charui_carth.png
Cassian Andor;tex.charui_cassian.png
CC-2224 "Cody";tex.charui_trooperclone_cody.png
Chewbacca;tex.charui_chewbacca_ot.png
Chief Chirpa;tex.charui_ewok_chirpa.png
Chief Nebit;tex.charui_jawa_nebit.png
Chirrut ÃŽmwe;tex.charui_chirrut.png
Chopper;tex.charui_chopper.png
Clone Sergeant - Phase I;tex.charui_trooperclonegreen.png
Clone Wars Chewbacca;tex.charui_chewbacca.png
Colonel Starck;tex.charui_colonel_stark.png
Commander Luke Skywalker;tex.charui_lukebespin.png
Coruscant Underworld Police;tex.charui_coruscantpolice.png
Count Dooku;tex.charui_dooku.png
CT-21-0408 "Echo";tex.charui_trooperclone_echo.png
CT-5555 "Fives";tex.charui_trooperclone_fives.png
CT-7567 "Rex";tex.charui_trooperclone_rex.png
Darth Maul;tex.charui_maul.png
Darth Nihilus;tex.charui_nihilus.png
Darth Sidious;tex.charui_sidious.png
Darth Sion;tex.charui_sion.png
Darth Traya;tex.charui_traya.png
Darth Vader;tex.charui_vader.png
Dathcha;tex.charui_jawa_dathcha.png
Death Trooper;tex.charui_trooperdeath.png
Dengar;tex.charui_dengar.png
Director Krennic;tex.charui_krennic.png
Eeth Koth;tex.charui_eethkoth.png
Embo;tex.charui_embo.png
Emperor Palpatine;tex.charui_palpatineemperor.png
Enfys Nest;tex.charui_enfys.png
Ewok Elder;tex.charui_ewok_chief.png
Ewok Scout;tex.charui_ewok_scout.png
Ezra Bridger;tex.charui_ezra_s3.png
Finn;tex.charui_finnjakku.png
First Order Executioner;tex.charui_firstorder_executioner.png
First Order Officer;tex.charui_firstorderofficer.png
First Order SF TIE Pilot;tex.charui_firstorder_pilot.png
First Order Stormtrooper;tex.charui_firstordertrooper.png
First Order TIE Pilot;tex.charui_firstordertiepilot.png
Gamorrean Guard;tex.charui_gamorreanguard.png
Gar Saxon;tex.charui_gar_saxon.png
Garazeb "Zeb" Orrelios;tex.charui_zeb_s3.png
General Grievous;tex.charui_grievous.png
General Kenobi;tex.charui_obiwangeneral.png
General Veers;tex.charui_veers.png
Geonosian Soldier;tex.charui_geonosian_soldier.png
Geonosian Spy;tex.charui_geonosian_spy.png
Grand Admiral Thrawn;tex.charui_thrawn.png
Grand Master Yoda;tex.charui_yodagrandmaster.png
Grand Moff Tarkin;tex.charui_tarkinadmiral.png
Greedo;tex.charui_greedo.png
HK-47;tex.charui_hk47.png
Han Solo;tex.charui_han.png
Hera Syndulla;tex.charui_hera_s3.png
Hermit Yoda;tex.charui_yodahermit.png
Hoth Rebel Scout;tex.charui_rebelhothscout.png
Hoth Rebel Soldier;tex.charui_rebelhoth.png
IG-100 MagnaGuard;tex.charui_magnaguard.png
IG-86 Sentinel Droid;tex.charui_ig86.png
IG-88;tex.charui_ig88.png
Ima-Gun Di;tex.charui_imagundi.png
Imperial Probe Droid;tex.charui_probedroid.png
Imperial Super Commando;tex.charui_imperial_super_commando.png
Jango Fett;tex.charui_jangofett.png
Jawa;tex.charui_jawa_jawa.png
Jawa Engineer;tex.charui_jawa_engineer.png
Jawa Scavenger;tex.charui_jawa_scavenger.png
Jedi Consular;tex.charui_jedi_consular_03.png
Jedi Knight Anakin;tex.charui_anakinknight.png
Jedi Knight Guardian;tex.charui_jedi_guardian_01.png
Jedi Knight Revan;tex.charui_jedirevan.png
Jolee Bindo;tex.charui_joleebindo.png
Juhani;tex.charui_juhani.png
Jyn Erso;tex.charui_jyn.png
K-2SO;tex.charui_k2so.png
Kanan Jarrus;tex.charui_kanan_s3.png
Kit Fisto;tex.charui_kitfisto.png
Kylo Ren;tex.charui_kyloren.png
Kylo Ren (Unmasked);tex.charui_kylo_unmasked.png
L3-37;tex.charui_l337.png
Lando Calrissian;tex.charui_landobespin.png
Lobot;tex.charui_lobot.png
Logray;tex.charui_ewok_logray.png
Luke Skywalker (Farmboy);tex.charui_luke_ep4.png
Luminara Unduli;tex.charui_luminara.png
Mace Windu;tex.charui_macewindu.png
Magmatrooper;tex.charui_trooperstorm_magma.png
Mission Vao;tex.charui_mission.png
Mob Enforcer;tex.charui_thug_female_01.png
Mother Talzin;tex.charui_nightsisters_talzin.png
Nightsister Acolyte;tex.charui_nightsister_acolyte.png
Nightsister Initiate;tex.charui_nightsister_initiate.png
Nightsister Spirit;tex.charui_nightsisters_wraith.png
Nightsister Zombie;tex.charui_nightsisters_zombie.png
Nute Gunray;tex.charui_nutegunray.png
Obi-Wan Kenobi (Old Ben);tex.charui_obiwanep4.png
Old Daka;tex.charui_daka.png
Pao;tex.charui_pao.png
Paploo;tex.charui_ewok_paploo.png
Plo Koon;tex.charui_plokoon.png
Poe Dameron;tex.charui_poe.png
Poggle the Lesser;tex.charui_geonosian_poggle.png
Princess Leia;tex.charui_leia_princess.png
Qi'ra;tex.charui_qira.png
Qui-Gon Jinn;tex.charui_quigon.png
R2-D2;tex.charui_astromech_r2d2.png
Range Trooper;tex.charui_trooperranger.png
Rebel Officer Leia Organa;tex.charui_leiahoth.png
Resistance Pilot;tex.charui_resistancepilot.png
Resistance Trooper;tex.charui_resistancetrooper.png
Rey (Jedi Training);tex.charui_rey_tlj.png
Rey (Scavenger);tex.charui_reyjakku.png
Rose Tico;tex.charui_rose.png
Royal Guard;tex.charui_royalguard.png
Sabine Wren;tex.charui_sabine_s3.png
Savage Opress;tex.charui_savageopress.png
Scarif Rebel Pathfinder;tex.charui_rebel_scarif.png
Shoretrooper;tex.charui_troopershore.png
Sith Assassin;tex.charui_sithassassin.png
Sith Marauder;tex.charui_sithmarauder.png
Sith Trooper;tex.charui_sithtrooper.png
Snowtrooper;tex.charui_troopersnow.png
Stormtrooper;tex.charui_trooperstorm.png
Stormtrooper Han;tex.charui_trooperstorm_han.png
Sun Fac;tex.charui_geonosian_sunfac.png
T3-M4;tex.charui_t3m4.png
TIE Fighter Pilot;tex.charui_tiepilot.png
Talia;tex.charui_nightsister_talia.png
Teebo;tex.charui_ewok_teebo.png
Tusken Raider;tex.charui_tuskenraider.png
Tusken Shaman;tex.charui_tuskenshaman.png
Ugnaught;tex.charui_ugnaught.png
URoRRuR'R'R;tex.charui_urorrurrr.png
Vandor Chewbacca;tex.charui_chewbacca_vandor.png
Veteran Smuggler Chewbacca;tex.charui_tfa_chewbacca.png
Veteran Smuggler Han Solo;tex.charui_tfa_han.png
Visas Marr;tex.charui_visas.png
Wampa;tex.charui_wampa.png
Wedge Antilles;tex.charui_rebelpilot_wedge.png
Wicket;tex.charui_ewok_wicket.png
Young Han Solo;tex.charui_han_young.png
Young Lando Calrissian;tex.charui_younglando.png
Zaalbar;tex.charui_zaalbar.png
Zam Wesell;tex.charui_zamwesell.png
